SNP,chr,pos,effect_allele,other_allele,eaf_exposure,eaf_outcome,beta_exposure,se_exposure,pval_exposure,F,beta_outcome,se_outcome,pval_outcome,outcome_af_cases,nearest_gene,harmonise_action,palindromic,exposure_study,outcome,status
rs10665937,1,65687666.0,CAGA,C,0.49151469999999997,0.465113,-0.08545793,0.0083194768798228,9.419963e-25,105.51463466066502,0.184079,0.0625617,0.00325724,0.515132,RP11-433N2.1,same,False,GCST008055,Discitis (M46.4),kept
rs2228145,1,154454494.0,C,A,0.37038920000000003,0.299317,-0.1109855,0.008963362407449008,3.2656779999999996e-35,153.3170920417697,0.0133457,0.0699642,0.848722,0.301604,IL6R,same,False,GCST008055,Discitis (M46.4),kept
rs7535596,1,157703566.0,G,A,0.4238669,0.238447,0.05840691,0.009314981849086768,3.605571e-10,39.315557219167566,-0.113638,0.0750652,0.130063,0.216328,FCRL3,same,False,GCST008055,Discitis (M46.4),kept
rs74122270,,,,,,,,,,,,,,,,,,,,not_in_outcome
rs7413021,,,,,,,,,,,,,,,,,,,,not_in_outcome
rs143725472,,,,,,,,,,,,,,,,,,,,not_in_outcome
rs12239046,1,247438293.0,C,T,0.5673738,0.623584,0.05018115,0.00818374260574311,8.688515e-10,37.599086762075416,0.0112175,0.0658979,0.864833,0.625756,NLRP3,same,False,GCST008055,Discitis (M46.4),kept
rs4764939,12,103129174.0,T,C,0.5985098000000001,0.618811,-0.0506866,0.008382630926291393,1.4791429999999996e-09,36.561636778769405,-0.0838094,0.0659313,0.203671,0.6,RP11-328J6.1,same,False,GCST008055,Discitis (M46.4),kept
rs7979473,12,120982457.0,G,A,0.5682109000000001,0.582785,0.11603279999999999,0.008136850027887325,3.875535e-46,203.3522217826202,-0.0112841,0.0647681,0.86169,0.577857,HNF1A,same,False,GCST008055,Discitis (M46.4),kept
rs2121646,17,74724589.0,T,C,0.4289393,0.760308,0.07379414,0.009066368311509804,3.9747980000000004e-16,66.24865049501014,-0.0980117,0.0746843,0.189403,0.742143,RAB37,same,False,GCST008055,Discitis (M46.4),kept
rs769449,19,44906745.0,A,G,0.06491935,0.161228,-0.2499965,0.016415719859502725,2.2672e-52,231.92522832591507,-0.149119,0.087872,0.0896954,0.138384,APOE,same,False,GCST008055,Discitis (M46.4),kept
rs1260326,2,27508073.0,C,T,0.6984222,0.650981,-0.09946786,0.008947895888638799,1.044694e-28,123.5730324313355,-0.0931848,0.0670098,0.164342,0.628548,GCKR,same,False,GCST008055,Discitis (M46.4),kept
rs6734238,2,113083453.0,G,A,0.35266479999999994,0.30271,0.0738995,0.008672599056291265,1.581369e-17,72.60799797451074,0.162256,0.0698438,0.020172,0.334062,RNU6-1180P,same,False,GCST008055,Discitis (M46.4),kept
rs13056506,22,38184910.0,T,G,0.5364406999999999,0.608646,-0.04652081,0.008116223921143854,9.935324000000002e-09,32.85386701618359,0.143063,0.0654258,0.0287687,0.643446,PLA2G6,same,False,GCST008055,Discitis (M46.4),kept
rs116651671,,,,,,,,,,,,,,,,,,,,not_in_outcome
rs7748513,6,41160234.0,G,A,0.1981066,0.0226569,0.06566156,0.011548542413669245,1.302771e-08,32.327196698420515,0.240186,0.212952,0.259368,0.0282828,TREM2,same,False,GCST008055,Discitis (M46.4),kept
rs4841132,8,9326086.0,G,A,0.8612728000000001,0.856909,0.09429069,0.011891784094787451,2.2080779999999997e-15,62.870019694914156,-0.133043,0.0903739,0.140982,0.838281,RP11-115J16.1,same,False,GCST008055,Discitis (M46.4),kept
rs186119390,,,,,,,,,,,,,,,,,,,,not_in_outcome
