SNP,beta_exposure,se_exposure,pval_exposure,F,beta_outcome,se_outcome,pval_outcome,harmonise_action,gene
rs116647495,0.343295,0.0725747,2.24269e-06,22.37507283114564,-0.04010817,0.06156717614069981,0.5147536,same,ITPR3
rs115025936,0.524817,0.103677,4.14782e-07,25.624237138114893,0.03948458,0.07714701561210334,0.6087843000000001,same,COL21A1
rs77493572,0.458725,0.0982151,3.00296e-06,21.81465215487995,-0.1479853,0.05810525396539202,0.01087005,same,CRPPA
rs10226370,-0.226248,0.0475214,1.92664e-06,22.66684340425553,0.01664157,0.01249139374088772,0.18278039999999998,same,AC018641.7
rs1491840,0.213926,0.045441,2.50455e-06,22.163144668430487,-0.02080434,0.010464790788332217,0.04680814,same,DPP6
rs186891,-0.157534,0.031209,4.47105e-07,25.479382264023016,0.002544648,0.009014768729141857,0.7777323,same,RP11-10H3.1
rs192218389,1.69449,0.363939,3.22478e-06,21.678080543085226,0.12818510000000002,0.09751591145155422,0.1886765,same,C8orf34
rs142512009,-3.25061,0.647871,5.23842e-07,25.17402465162612,-0.07360224,0.03436714245433067,0.03222201,same,C9orf135-DT
rs142109104,-2.20436,0.475338,3.52728e-06,21.5060164909536,0.16395510000000002,0.081407298234332,0.0440085,same,SBF2
rs2104320,0.147907,0.0311317,2.02409e-06,22.572090520950137,-0.004756019,0.009105061071559397,0.6014274000000001,same,RNASEH2B
rs72693421,0.771343,0.160174,1.4671e-06,23.19054967679352,0.00938603,0.03753514091999264,0.8025411,same,RNU6ATAC28P
rs10139372,-0.157164,0.0337434,3.19882e-06,21.69344208898485,-0.01135263,0.009685248409922876,0.2411341,same,RP11-688D15.2
rs12955506,0.23406,0.0501032,2.98917e-06,21.823453254957617,-0.0004816285,0.01319531102230792,0.9708836999999999,same,LINC02864
