chr,pos,ref,alt,rsid,gene,pval,beta,se,af_alt,effect_allele,other_allele,eaf,F
1,3296317,C,T,rs116356993,PRDM16,4.43578e-07,0.521169,0.103217,0.0171794,T,C,0.0171794,25.49498062061972
1,63311594,G,A,rs138523449,LINC00466,2.34688e-06,0.748514,0.15855,0.00591681,A,G,0.00591681,22.287808246306582
1,84880258,C,A,rs78014620,LPAR3,3.60911e-06,0.552473,0.119255,0.0120558,A,C,0.0120558,21.461937376396342
1,196608784,G,C,rs1305433143,KCNT2,2.37252e-07,1.38746,0.268497,0.00131818,C,G,0.00131818,26.70312370736056
1,212023663,G,C,rs150203954,INTS7,2.51942e-06,1.49837,0.318358,0.000922667,C,G,0.000922667,22.151676623802437
1,248442449,G,A,rs375075542,OR2T7,7.96343e-08,1.77883,0.33138,0.000723466,A,G,0.000723466,28.814846025229112
2,141029374,G,T,rs546417027,LRP1B,1.04952e-06,2.64536,0.541847,0.000222996,T,G,0.000222996,23.835058290780236
2,173824104,C,T,rs114538068,RP11-796E10.1,3.90472e-06,-0.670734,0.145294,0.0172091,T,C,0.0172091,21.311071332718704
2,223267599,A,C,rs779596044,RN7SL807P,3.7045e-06,1.17821,0.254622,0.0018133,C,A,0.0018133,21.411818763782698
3,90324512,CTG,C,rs564144984,HSPE1P19,3.10227e-06,4.18286,0.896853,6.35103e-05,C,CTG,6.35103e-05,21.75224707733872
5,11259137,C,T,rs558783845,CTNND2,3.05415e-06,4.26501,0.913837,3.57566e-05,T,C,3.57566e-05,21.78224464339124
6,23984188,C,G,rs145291132,RP1-59B16.1,3.48698e-06,0.777336,0.167535,0.00505667,G,C,0.00505667,21.528137691587347
6,27370226,T,G,rs1343109238,ZNF391,3.25679e-06,1.48167,0.31837,0.00121906,G,T,0.00121906,21.659014916249028
6,28525442,T,C,rs1207559624,GPX6,1.68993e-06,1.52116,0.317745,0.00119998,C,T,0.00119998,22.918824713177948
6,31472237,C,A,rs14597,HCP5,1.53847e-07,0.163074,0.0310741,0.384801,A,C,0.384801,27.540532302461866
6,32405601,A,T,rs3806155,"BTNL2,TSBP1-AS1",1.84544e-13,0.439621,0.0597348,0.054354,T,A,0.054354,54.162915256097406
6,32964843,A,AAAACAAACAAAC,rs112511187,HLA-DMA,2.80608e-12,0.440084,0.0629851,0.0479569,AAAACAAACAAAC,A,0.0479569,48.81974563063119
6,33647094,G,C,rs116647495,ITPR3,2.24269e-06,0.343295,0.0725747,0.0377011,C,G,0.0377011,22.37507283114564
6,52357102,A,C,rs531544603,PAQR8,2.46746e-06,1.72985,0.36721,0.000753521,C,A,0.000753521,22.19156305505842
6,56344161,A,G,rs115025936,COL21A1,4.14782e-07,0.524817,0.103677,0.0161758,G,A,0.0161758,25.624237138114893
7,16143491,G,A,rs77493572,CRPPA,3.00296e-06,0.458725,0.0982151,0.0185947,A,G,0.0185947,21.81465215487995
7,32445042,T,A,rs10226370,AC018641.7,1.92664e-06,-0.226248,0.0475214,0.133041,A,T,0.133041,22.66684340425553
7,154416433,G,A,rs1491840,DPP6,2.50455e-06,0.213926,0.045441,0.114566,A,G,0.114566,22.163144668430487
8,17793084,TA,T,rs201484702,MTUS1,2.19654e-06,-0.523328,0.110536,0.0277107,T,TA,0.0277107,22.415088314442038
8,49126199,T,C,rs186891,RP11-10H3.1,4.47105e-07,-0.157534,0.031209,0.622899,C,T,0.622899,25.479382264023016
8,68717774,A,C,rs192218389,C8orf34,3.22478e-06,1.69449,0.363939,0.000548065,C,A,0.000548065,21.678080543085226
8,123083574,A,C,rs889147103,TBC1D31,1.57377e-06,3.45705,0.719973,7.73781e-05,C,A,7.73781e-05,23.05573127415955
9,69791709,G,A,rs142512009,C9orf135-DT,5.23842e-07,-3.25061,0.647871,0.00340603,A,G,0.00340603,25.17402465162612
9,75090294,GGT,G,rs1367466942,OSTF1,4.50692e-06,0.242181,0.0528028,0.0827483,G,GGT,0.0827483,21.036148641115126
11,10116502,A,G,rs142109104,SBF2,3.52728e-06,-2.20436,0.475338,0.00392648,G,A,0.00392648,21.5060164909536
12,12807344,G,T,rs907767985,APOLD1,2.87866e-06,1.51775,0.324355,0.000821821,T,G,0.000821821,21.895722936549234
13,50939022,A,T,rs2104320,RNASEH2B,2.02409e-06,0.147907,0.0311317,0.444499,T,A,0.444499,22.572090520950137
13,64777215,T,TTGTG,rs34782093,LGMNP1,2.99709e-06,0.256599,0.0549343,0.0755774,TTGTG,T,0.0755774,21.818391450295135
14,83593287,A,C,rs72693421,RNU6ATAC28P,1.4671e-06,0.771343,0.160174,0.00542133,C,A,0.00542133,23.19054967679352
14,85008743,T,C,rs10139372,RP11-688D15.2,3.19882e-06,-0.157164,0.0337434,0.315985,C,T,0.315985,21.69344208898485
14,104435200,C,T,rs556228526,CEND1P1,8.92709e-07,3.83843,0.781134,3.99827e-05,T,C,3.99827e-05,24.14660995159973
15,60200861,C,T,rs1225189496,RP11-92C13.1,3.25972e-06,-13.988,3.00576,0.000796841,T,C,0.000796841,21.65721689440557
17,39220482,C,CTT,rs558341786,STAC2,4.67714e-06,1.39254,0.304129,0.000955314,CTT,C,0.000955314,20.965232833880858
18,73130691,G,A,rs12955506,LINC02864,2.98917e-06,0.23406,0.0501032,0.0920013,A,G,0.0920013,21.823453254957617
18,77777702,AG,A,rs1415789370,RNA5SP461,3.17293e-06,2.56034,0.549512,0.00034945,A,AG,0.00034945,21.70905509584871
23,66088655,A,AT,rs56250507,EIF4BP9,1.93433e-06,0.16751,0.0351899,0.840929,AT,A,0.840929,22.659243783275922
23,115205260,A,C,rs1312628119,LRCH2,3.12327e-06,0.887715,0.190393,0.00123994,C,A,0.00123994,21.739280318342185
