excluded_SNP,nsnp,b,se,pval,lo95,hi95,OR,exposure,outcome,direction
rs74480102,27,-0.2179165027448673,0.2212886665327521,0.32474136124752306,-0.6516422891490614,0.21580928365932678,0.8041925867368968,WBC,OM,forward
rs12952495,27,-0.2079523564398472,0.22567936595218124,0.3568152923257045,-0.6502839137061224,0.23437920082642802,0.8122457340685817,WBC,OM,forward
rs35513223,27,-0.22755251443976737,0.22085219014219942,0.302851131789478,-0.6604228071184782,0.20531777823894348,0.796480593667057,WBC,OM,forward
rs145835664,27,-0.2109877478316591,0.23086028709824022,0.36075907889008363,-0.6634739105442099,0.24149841488089172,0.8097839884302419,WBC,OM,forward
rs12600856,27,-0.32412853518957496,0.2623495998998692,0.2166507081320561,-0.8383337509933186,0.1900766806141687,0.7231572852470873,WBC,OM,forward
rs7209525,27,-0.1837360313776009,0.22188398551602176,0.40762943020525844,-0.6186286429890036,0.2511565802338017,0.8321554377616907,WBC,OM,forward
rs56378716,27,-0.24278704217379468,0.22627124452733277,0.2832750883209685,-0.6862786814473669,0.20070459709977753,0.7844385483133092,WBC,OM,forward
rs150414780,27,-0.2540896201071493,0.21758263221178692,0.24289371161432582,-0.6805515792422516,0.17237233902795307,0.7756222875790554,WBC,OM,forward
rs2665405,27,-0.197027552234908,0.22865693109002821,0.3888673707578195,-0.6451951371713633,0.2511400327015473,0.8211680079871152,WBC,OM,forward
rs749780,27,-0.19064634222145352,0.22687672704458733,0.40073568378829716,-0.6353247272288447,0.2540320427859376,0.8264248080369764,WBC,OM,forward
rs4807440,27,-0.200479390722625,0.22645846437892322,0.3760050593475128,-0.6443379809053145,0.24337919946006453,0.8183383552140912,WBC,OM,forward
rs3746072,27,-0.2199865835845497,0.2262963341741936,0.33099219166290494,-0.6635273985659691,0.22355423139686975,0.8025295649603057,WBC,OM,forward
rs1968252,27,-0.2266701297973662,0.22133123045843064,0.30577776660209843,-0.6604793414958903,0.20713908190115785,0.7971837060730534,WBC,OM,forward
rs10422126,27,-0.22944761268780478,0.22060238129072807,0.29829538964052027,-0.6618282800176318,0.20293305464202221,0.794972614025504,WBC,OM,forward
rs78663649,27,-0.23682157961649894,0.2275365258367359,0.29796519026060975,-0.6827931702565013,0.20915001102350342,0.7891320727048523,WBC,OM,forward
rs4760,27,-0.19531740331289146,0.2359343610017443,0.40775751267177474,-0.6577487508763104,0.26711394425052737,0.822573529053387,WBC,OM,forward
rs7255933,27,-0.2035599047905593,0.23255481680144205,0.3813997621421418,-0.6593673457213858,0.2522475361402671,0.8158213312528403,WBC,OM,forward
rs309190,27,-0.15893195914854436,0.2168073927538804,0.4635242775456332,-0.5838744489461499,0.2660105306490612,0.853054399542227,WBC,OM,forward
rs3865444,27,-0.2122207820970365,0.22570192444997894,0.34707900742418685,-0.6545965540189952,0.23015498982492222,0.8087861123590764,WBC,OM,forward
rs1144700,27,-0.19677711962104993,0.22611464028000494,0.38416173349809435,-0.6399618145698596,0.24640757532775975,0.821373680990311,WBC,OM,forward
rs6917586,27,-0.18807954760470438,0.2258117157565791,0.40489870794619065,-0.6306705104875994,0.25451141527819066,0.8285487955390909,WBC,OM,forward
rs113760175,27,-0.24274292804548167,0.2191301270650275,0.26796678333027624,-0.6722379770929355,0.18675212100197222,0.7844731538993752,WBC,OM,forward
rs722086,27,-0.1708682942470855,0.22273000593011982,0.4429897472963641,-0.6074191058701204,0.26568251737594933,0.8429325852318099,WBC,OM,forward
rs13202592,27,-0.180590427908006,0.22420943986075645,0.4205576439834907,-0.6200409300350886,0.25886007421907664,0.8347771901288135,WBC,OM,forward
rs13195402,27,-0.1349297579739981,0.21541438690962403,0.5310703081871856,-0.5571419563168611,0.287282440368865,0.8737772854193039,WBC,OM,forward
rs66975207,27,-0.14290326710343368,0.2172450549255976,0.510668222339028,-0.5687035747576049,0.2828970405507376,0.8668379165825333,WBC,OM,forward
rs35848276,27,-0.12596296986094827,0.2147070179064544,0.5574228454574874,-0.5467887249575989,0.2948627852357024,0.8816474937082389,WBC,OM,forward
rs34662244,27,-0.13569502367849187,0.21736694010036764,0.5324522036662074,-0.5617342262752124,0.2903441789182287,0.8731088694199476,WBC,OM,forward
ALL (none excluded),28,-0.20094957514321868,0.22059602262394437,0.3623273841142217,-0.6333177794861496,0.23141862919971226,0.8179536757109368,WBC,OM,forward
