exposure	outcome	nsnp	se_IVW	MDE_logOR	MDE_OR	obs_OR	obs_p
CCL2	DISCINF	7	0.2929	0.8206	2.272	0.75	0.3252353928001092
CD40	DISCINF	3	0.1727	0.4838	1.622	1.22	0.248604043189095
CRP	DISCINF	13	0.3532	0.9896	2.69	1.058	0.8736930540956738
EOS	DISCINF	13	0.5698	1.5964	4.935	0.845	0.7669325102992901
IL6R	DISCINF	4	0.2022	0.5664	1.762	0.902	0.6114411865677433
LYMPH	DISCINF	18	0.5057	1.4168	4.124	1.712	0.2877690350123387
MONO	DISCINF	39	0.3759	1.0532	2.867	0.661	0.2712989983294596
NEUT	DISCINF	29	0.4309	1.2071	3.344	1.647	0.2468199138769257
WBC	DISCINF	28	0.3919	1.0979	2.998	1.622	0.2169985490813588
CCL2	DISCITIS	7	0.2375	0.6653	1.945	1.183	0.4796378047868816
CD40	DISCITIS	3	0.1504	0.4215	1.524	1.113	0.4762662615756405
CRP	DISCITIS	13	0.3414	0.9565	2.602	1.026	0.9397049775729828
EOS	DISCITIS	13	0.5472	1.5329	4.632	1.185	0.7565997862217222
IL6R	DISCITIS	4	0.1237	0.3466	1.414	1.019	0.8772782834276545
LYMPH	DISCITIS	18	0.4708	1.3189	3.739	0.518	0.1627342909229011
MONO	DISCITIS	39	0.3515	0.9847	2.677	1.492	0.2550145034367624
NEUT	DISCITIS	29	0.3232	0.9054	2.473	1.444	0.2551911299777012
WBC	DISCITIS	28	0.3303	0.9253	2.523	1.413	0.2954320316309164
CCL2	OM	7	0.1051	0.2944	1.342	0.861	0.1537320032540909
CD40	OM	3	0.073	0.2045	1.227	1.135	0.0835870881944025
CRP	OM	13	0.1002	0.2807	1.324	1.055	0.5914095328081741
EOS	OM	13	0.2935	0.8222	2.275	1.073	0.8110040717795677
IL6R	OM	4	0.06	0.168	1.183	1.048	0.4386067559328749
LYMPH	OM	18	0.246	0.6891	1.992	1.293	0.2958807902637556
MONO	OM	39	0.1724	0.483	1.621	0.715	0.0512212343191275
NEUT	OM	29	0.2141	0.6	1.822	0.848	0.4418055129957439
WBC	OM	28	0.2206	0.618	1.855	0.818	0.3623273841142217
CCL2	SPONDINF	7	0.5875	1.6461	5.186	0.29	0.0350696987003457
CD40	SPONDINF	3	0.4058	1.1369	3.117	0.887	0.7672529699592715
CRP	SPONDINF	13	0.7351	2.0594	7.842	0.562	0.4332119277637315
EOS	SPONDINF	13	1.334	3.7372	41.98	0.268	0.3237745923944829
IL6R	SPONDINF	4	0.3325	0.9315	2.538	0.563	0.0838501086318732
LYMPH	SPONDINF	18	1.1896	3.3326	28.012	0.633	0.700389351864501
MONO	SPONDINF	39	0.8859	2.4818	11.963	0.269	0.1377921976877171
NEUT	SPONDINF	29	0.8681	2.4321	11.382	0.104	0.0091166820168443
WBC	SPONDINF	28	0.8868	2.4846	11.996	0.037	0.0002001585375791
CCL2	VOM	7	0.47	1.3168	3.732	0.694	0.4375459603508311
CD40	VOM	3	0.3272	0.9168	2.501	0.676	0.231116945733478
CRP	VOM	13	0.4505	1.2622	3.533	0.847	0.7123843328206017
EOS	VOM	13	1.0851	3.0399	20.903	0.168	0.0997716512815169
IL6R	VOM	4	0.2703	0.7573	2.132	1.133	0.643981915005078
LYMPH	VOM	18	1.0613	2.9733	19.556	3.24	0.2680041074781424
MONO	VOM	39	0.7881	2.2079	9.096	2.163	0.3276945582664103
NEUT	VOM	29	0.7038	1.9717	7.183	0.919	0.9044698668653864
WBC	VOM	28	0.7998	2.2408	9.401	1.487	0.6195904782041501
