PART A. Instrument counts before/after formal LD clumping (1000 Genomes Phase 3 EUR, r2<0.001, LDlink LDmatrix)
trait	set	n_distance_pruned	n_after_LD_clump	n_removed	removed_rsids
IL6R	genome-wide	4	2	2	rs3014860; rs12138773
CD40	genome-wide	3	3	0	-
CRP	genome-wide	18	18	0	-
WBC	genome-wide	35	35	0	-
NEUT	genome-wide	36	36	0	-
CCL2	genome-wide	7	7	0	-
IL6R	cis-pQTL	2	1	1	rs12138773
CD40	cis-pQTL	3	2	1	rs2868310

PART B. Re-estimated drug-target MR with LD-clumped cis instruments
target	outcome	method	nsnp	OR	OR_lo95	OR_hi95	P	F_min
IL6R	DISCITIS	Wald ratio	1	1.0426	0.8918	1.2188	0.6007	1409.089138738339
IL6R	OM	Wald ratio	1	1.006	0.9328	1.0849	0.8765	1409.089138738339
CD40	DISCITIS	IVW (random effects)	2	1.0726	0.693	1.6601	0.7533	19.86036014872371
CD40	DISCITIS	IVW (fixed effects)	2	1.0726	0.7895	1.4571	0.6541	19.86036014872371
CD40	OM	IVW (random effects)	2	1.0853	0.8849	1.3311	0.432	19.86036014872371
CD40	OM	IVW (fixed effects)	2	1.0853	0.9353	1.2594	0.2809	19.86036014872371
